2021,8,12,10,0,24.69
2021,8,12,11,0,24.81
2021,8,12,11,1,25.06
2021,8,12,11,2,25.5
2021,8,12,11,3,26.19
2021,8,12,11,4,27
2021,8,12,11,5,27.75
2021,8,12,11,6,28.44
2021,8,12,11,7,29
2021,8,12,11,8,29.44
2021,8,12,11,9,29.81
2021,8,12,11,10,30
2021,8,12,22,0,30.06
2021,8,12,22,1,30
2021,8,12,22,2,29.88
2021,8,12,22,3,29.63
2021,8,12,22,4,29.38
2021,8,12,22,5,29
2021,8,12,22,6,28.69
2021,8,12,22,7,28.31
2021,8,12,22,8,27.88
2021,8,12,22,9,27.5
2021,8,12,22,10,27.06
2021,8,12,22,11,26.69
2021,8,12,22,12,26.38
2021,8,12,22,13,26.13
2021,8,13,19,0,27.56
2021,8,13,20,0,27.69
2021,8,13,21,0,27.75
2021,8,13,22,0,27.69
2021,8,13,23,0,27.56
2021,8,13,23,1,27.31
2021,8,13,23,2,27.06
2021,8,13,23,3,26.81
2021,8,13,23,4,26.44
2021,8,13,23,5,26.13
2021,8,13,23,6,25.75
2021,8,13,23,7,25.44
2021,8,13,23,8,25.06
2021,8,13,23,9,24.75
2021,8,13,23,10,24.44
2021,8,14,10,0,24.13
2021,8,14,11,0,21.81
2021,8,14,11,1,21.94
2021,8,14,11,2,22.44
2021,8,14,11,3,22.94
2021,8,14,11,4,23.56
2021,8,14,11,5,24.13
2021,8,14,11,6,24.63
2021,8,14,11,7,25.06
2021,8,14,11,8,25.44
2021,8,14,11,9,25.69
2021,8,14,20,0,25.81
2021,8,14,20,1,25.88
2021,8,14,20,2,25.88
2021,8,14,20,3,25.75
2021,8,14,20,4,25.56
2021,8,14,20,5,25.31
2021,8,14,20,6,25.06
2021,8,14,20,7,24.75
2021,8,14,20,8,24.44
2021,8,14,20,9,24.19
2021,8,14,20,10,23.81
2021,8,14,20,11,23.5
2021,8,14,20,12,23.19
2021,8,14,20,13,22.88
2021,8,15,15,0,24.5
2021,8,15,15,1,25.13
2021,8,15,15,2,25.69
2021,8,15,15,3,26.13
2021,8,15,15,4,26.38
2021,8,15,15,5,26.56
2021,8,15,15,6,26.63
2021,8,15,22,0,26.63
2021,8,15,23,0,26.5
2021,8,15,23,1,26.31
2021,8,15,23,2,26.06
2021,8,15,23,3,25.88
2021,8,15,23,4,25.56
2021,8,15,23,5,25.19
2021,8,15,23,6,24.88
2021,8,15,23,7,24.56
2021,8,15,23,8,24.19
2021,8,15,23,9,23.81
2021,8,15,23,10,23.5
2021,8,16,9,0,23.19
2021,8,16,10,0,22.94
2021,8,16,11,0,22.69
2021,8,16,12,0,22.56
2021,8,16,13,0,22.38
2021,8,16,14,0,22.31
2021,8,16,15,0,22.19
2021,8,16,16,0,22.06
2021,8,16,17,0,21.94
2021,8,16,18,0,21.88
2021,8,16,19,0,21.81
2021,8,16,19,1,21.69
2021,8,16,21,0,21.56
2021,8,16,22,0,21.44
2021,8,16,23,0,21.31
2021,8,17,0,0,21.06
2021,8,17,0,1,20.75
2021,8,17,0,2,20.44
2021,8,17,0,3,20.13
2021,8,17,0,4,19.81
2021,8,17,0,5,19.5
2021,8,17,0,6,19.19
2021,8,17,0,7,18.81
2021,8,17,0,8,18.56
2021,8,17,0,9,18.31
2021,8,17,0,10,18.06
2021,8,17,0,11,17.81
2021,8,17,0,12,17.69
2021,8,17,0,13,17.63
2021,8,17,0,14,17.56
2021,8,17,0,15,17.63
2021,8,17,0,16,17.81
2021,8,17,0,17,17.94
2021,8,17,0,18,18.06
2021,8,17,0,19,18.25
2021,8,17,0,20,18.44
2021,8,17,0,21,18.56
2021,8,17,0,22,18.69
2021,8,17,0,23,18.75
2021,8,17,0,24,18.75
2021,8,18,0,0,18.75
2021,8,18,0,1,18.63
2021,8,18,0,2,18.5
2021,8,18,0,3,18.31
2021,8,18,0,4,18.13
2021,8,18,0,5,17.94
2021,8,18,0,6,17.75
2021,8,18,0,7,17.5
2021,8,18,0,8,17.31
2021,8,18,0,9,17.13
2021,8,18,0,10,17.06
2021,8,18,0,11,17
2021,8,18,0,12,17.06
2021,8,18,13,0,17.25
2021,8,18,13,1,17.5
2021,8,18,13,2,17.81
2021,8,18,16,0,18.25
2021,8,18,17,0,18.63
2021,8,18,18,0,19
2021,8,18,19,0,19.38
2021,8,18,19,1,19.69
2021,8,18,21,0,19.94
2021,8,18,21,0,20.06
2021,8,18,21,1,20.06
2021,8,18,21,2,20.06
2021,8,18,21,3,20
2021,8,18,21,4,19.88
2021,8,18,21,5,19.75
2021,8,18,21,6,19.56
2021,8,18,21,7,19.38
2021,8,18,21,8,19.19
2021,8,18,21,9,19
2021,8,18,21,10,18.75
2021,8,18,21,11,18.56
2021,8,18,21,12,18.38
2021,8,18,21,13,18.19
2021,8,19,11,0,18.13
2021,8,19,12,0,18.06
2021,8,19,13,0,18.19
2021,8,19,14,0,18.25
2021,8,19,14,1,18.44
2021,8,19,14,2,18.75
2021,8,19,14,3,19
2021,8,19,14,4,19.31
2021,8,19,14,5,19.63
2021,8,19,14,6,19.88
2021,8,19,14,7,20.13
2021,8,19,14,8,20.25
2021,8,19,14,9,20.31
2021,8,19,14,10,20.38
2021,8,19,14,11,20.31
2021,8,19,14,12,20.25
2021,8,19,14,13,20.13
2021,8,19,14,24,18.38
2021,8,19,14,25,18.31
2021,8,19,14,26,18.31
2021,8,19,14,27,18.31
2021,8,20,17,0,18.31
2021,8,20,17,1,18.38
2021,8,20,17,2,18.38
2021,8,20,20,0,18.31
2021,8,20,21,0,18.25
2021,8,20,22,0,18.25
2021,8,20,23,0,18.19
2021,8,21,0,0,18.13
2021,8,21,1,0,18
2021,8,21,1,1,17.88
2021,8,21,1,2,17.81
2021,8,21,1,3,17.75
2021,8,21,1,4,17.69
2021,8,21,1,5,17.56
2021,8,21,1,6,17.44
2021,8,21,1,7,17.38
2021,8,21,1,8,17.31
2021,8,21,1,9,17.25
2021,8,21,1,10,17.25
2021,8,21,1,11,17.25
2021,8,21,1,12,17.31
2021,8,21,1,13,17.44
2021,8,21,1,14,17.69
2021,8,21,16,0,17.88
2021,8,21,17,0,18.19
2021,8,21,17,1,18.5
2021,8,21,17,2,18.81
2021,8,21,19,0,19
2021,8,21,20,0,19.19
2021,8,21,21,0,19.25
2021,8,21,21,1,19.31
2021,8,21,21,2,19.25
2021,8,21,21,3,19.19
2021,8,21,21,4,19.13
2021,8,21,21,5,19
2021,8,21,21,6,18.81
2021,8,21,21,7,18.69
2021,8,21,21,8,18.5
2021,8,21,21,9,18.38
2021,8,21,21,10,18.19
2021,8,21,21,11,18
2021,8,21,21,12,17.88
2021,8,21,21,13,17.69
2021,8,22,21,0,18.38
2021,8,22,22,0,18.38
2021,8,22,22,1,18.31
2021,8,22,22,2,18.19
2021,8,22,22,3,18
2021,8,22,22,4,17.81
2021,8,22,22,5,17.63
2021,8,22,22,6,17.44
2021,8,22,22,7,17.19
2021,8,22,22,8,17
2021,8,22,22,9,16.81
2021,8,22,22,10,16.56
2021,8,22,22,11,16.38
2021,8,22,22,12,16.25
2021,8,22,22,13,16.06
2021,8,22,22,24,18.38
2021,8,22,22,25,18.38
2021,8,22,22,26,18.38
2021,8,22,22,27,18.25
2021,8,22,22,28,18.13
2021,8,22,22,29,17.94
2021,8,22,22,30,17.75
2021,8,22,22,31,17.5
2021,8,22,22,32,17.25
2021,8,22,22,33,17
2021,8,22,22,34,16.75
2021,8,22,22,35,16.44
2021,8,22,22,36,16.19
2021,8,22,22,47,21.06
2021,8,22,22,48,21.44
2021,8,24,21,0,21.63
2021,8,24,22,0,21.69
2021,8,24,22,1,21.69
2021,8,24,22,2,21.56
2021,8,24,22,3,21.38
2021,8,24,22,4,21.19
2021,8,24,22,5,20.88
2021,8,24,22,6,20.56
2021,8,24,22,7,20.25
2021,8,24,22,8,19.94
2021,8,24,22,9,19.56
2021,8,24,22,10,19.25
2021,8,24,22,11,18.94
2021,8,24,22,12,18.63
2021,8,24,22,13,18.5
2021,8,24,22,24,23.5
2021,8,24,22,25,23.44
2021,8,25,23,0,23.31
2021,8,25,23,1,23.06
2021,8,25,23,2,22.75
2021,8,25,23,3,22.44
2021,8,25,23,4,22.06
2021,8,25,23,5,21.69
2021,8,25,23,6,21.31
2021,8,25,23,7,21
2021,8,25,23,8,20.63
2021,8,25,23,9,20.31
2021,8,25,23,10,20
2021,8,25,23,11,19.75
2021,8,25,23,12,19.44
2021,8,25,23,13,19.25
2021,8,26,15,0,18.94
2021,8,26,16,0,18.81
2021,8,26,17,0,18.75
2021,8,26,18,0,18.69
2021,8,26,19,0,18.69
2021,8,26,19,1,18.63
2021,8,26,19,2,18.56
2021,8,26,22,0,18.44
2021,8,26,23,0,18.31
2021,8,26,23,1,18.25
2021,8,26,23,2,18.13
2021,8,26,23,3,17.94
2021,8,26,23,4,17.81
2021,8,26,23,5,17.63
2021,8,26,23,6,17.38
2021,8,26,23,7,17.19
2021,8,26,23,8,17.06
2021,8,26,23,9,16.81
2021,8,26,23,10,16.69
2021,8,26,23,11,16.5
2021,8,26,23,12,16.38
2021,8,27,11,0,16.25
2021,8,27,12,0,16.19
2021,8,27,13,0,16.13
2021,8,27,14,0,16.13
2021,8,27,15,0,16.25
2021,8,27,16,0,16.38
2021,8,27,17,0,16.5
2021,8,27,18,0,16.63
2021,8,27,18,1,16.75
2021,8,27,20,0,16.88
2021,8,27,21,0,17
2021,8,27,22,0,17.06
2021,8,27,22,1,17.06
2021,8,27,22,2,17
2021,8,27,22,3,16.88
2021,8,27,22,4,16.75
2021,8,27,22,5,16.63
2021,8,27,22,6,16.44
2021,8,27,22,7,16.25
2021,8,27,22,8,16.06
2021,8,27,22,9,15.88
2021,8,27,22,10,15.69
2021,8,27,22,11,15.44
2021,8,27,22,12,15.31
2021,8,27,22,13,15.25
2021,8,28,21,0,20.19
2021,8,28,22,0,20.31
2021,8,28,23,0,20.31
2021,8,28,23,1,20.19
2021,8,28,23,2,20.06
2021,8,28,23,3,19.88
2021,8,28,23,4,19.63
2021,8,28,23,5,19.38
2021,8,28,23,6,19.06
2021,8,28,23,7,18.81
2021,8,28,23,8,18.5
2021,8,28,23,9,18.19
2021,8,28,23,10,17.88
2021,8,28,23,11,17.69
2021,8,28,23,12,17.56
2021,8,28,23,13,17.69
2021,8,29,18,0,21.88
2021,8,29,19,0,22.38
2021,8,29,20,0,22.75
2021,8,29,21,0,22.94
2021,8,29,22,0,23
2021,8,29,23,0,22.94
2021,8,30,0,0,22.81
2021,8,30,1,0,22.63
2021,8,30,1,0,22.38
2021,8,30,2,0,22.06
2021,8,30,3,0,21.81
2021,8,30,4,0,21.44
2021,8,30,5,0,21.06
2021,8,30,5,1,20.63
2021,8,30,5,2,20.19
2021,8,30,5,3,19.81
2021,8,30,5,4,19.38
2021,8,30,5,5,19.06
2021,8,30,5,6,18.75
2021,8,30,5,7,18.5
2021,8,30,5,8,18.25
2021,8,30,14,0,17.56
2021,8,30,15,0,17.69
2021,8,30,16,0,17.75
2021,8,30,16,1,17.69
2021,8,30,16,2,17.69
2021,8,30,16,3,17.56
2021,8,30,16,4,17.5
2021,8,30,16,5,17.31
2021,8,30,16,6,17.13
2021,8,30,16,7,16.94
2021,8,30,16,8,16.75
2021,8,30,16,9,16.5
2021,8,30,16,10,16.25
2021,8,30,16,11,16.06
2021,8,30,16,12,15.81
2021,8,30,16,13,15.56
2021,8,31,11,0,14.38
2021,8,31,11,1,14.38
2021,8,31,11,2,14.44
2021,8,31,11,3,14.5
2021,8,31,11,4,14.63
2021,8,31,11,5,14.69
2021,8,31,11,6,14.81
2021,8,31,11,7,14.88
2021,8,31,19,0,14.94
2021,8,31,20,0,14.94
2021,8,31,21,0,14.94
2021,8,31,22,0,14.94
2021,8,31,23,0,14.88
2021,9,1,0,0,14.81
2021,9,1,1,0,14.69
2021,9,1,2,0,14.56
2021,9,1,3,0,14.38
2021,9,1,3,1,14.19
2021,9,1,3,2,14.06
2021,9,1,3,6,13.25
2021,9,1,3,10,13.44
2021,9,1,3,11,13.94
2021,9,1,3,12,14.63
2021,9,1,16,0,15.44
2021,9,1,17,0,16.13
2021,9,1,18,0,16.81
2021,9,1,19,0,17.38
2021,9,1,20,0,17.75
2021,9,1,20,1,18.06
2021,9,1,21,0,18.25
2021,9,1,22,0,18.38
2021,9,1,23,0,18.38
2021,9,1,23,1,18.31
2021,9,1,23,2,18.19
2021,9,1,23,3,18.06
2021,9,1,23,4,17.88
2021,9,1,23,5,17.63
2021,9,1,23,6,17.38
2021,9,1,23,7,17.06
2021,9,1,23,8,16.88
2021,9,1,23,9,16.56
2021,9,1,23,10,16.31
2021,9,1,23,11,16.06
2021,9,1,23,12,16
2021,9,2,12,0,16.13
2021,9,2,13,0,16.44
2021,9,2,14,0,17.06
2021,9,2,14,1,17.88
2021,9,2,14,2,18.69
2021,9,2,14,3,19.5
2021,9,2,14,4,20.25
2021,9,2,14,5,20.81
2021,9,2,14,6,21.13
2021,9,2,14,7,21.31
2021,9,2,14,8,21.44
2021,9,2,23,0,21.38
2021,9,3,0,0,21.25
2021,9,3,1,0,21.06
2021,9,3,2,0,20.88
2021,9,3,3,0,20.56
2021,9,3,3,0,20.25
2021,9,3,4,0,19.88
2021,9,3,5,0,19.5
2021,9,3,5,1,19.19
2021,9,3,5,2,18.81
2021,9,3,5,6,17.63
2021,9,3,15,0,18.5
2021,9,3,16,0,18.88
2021,9,3,17,0,19.31
2021,9,3,18,0,19.69
2021,9,3,19,0,19.94
2021,9,3,20,0,20.19
2021,9,3,21,0,20.31
2021,9,3,22,0,20.44
2021,9,3,22,1,20.44
2021,9,3,22,2,20.31
2021,9,3,22,3,20.19
2021,9,3,22,4,20.06
2021,9,3,22,5,19.81
2021,9,3,22,6,19.56
2021,9,3,22,7,19.25
2021,9,3,22,8,18.94
2021,9,3,22,9,18.69
2021,9,3,22,10,18.38
2021,9,3,22,11,18.13
2021,9,3,22,12,17.88
2021,9,3,22,13,17.69
2021,9,3,22,14,17.63
2021,9,3,22,15,17.63
2021,9,3,22,16,17.63
2021,9,3,22,17,17.69
2021,9,3,22,18,17.81
2021,9,3,22,19,17.94
2021,9,3,22,20,18.06
2021,9,3,22,21,18.13
2021,9,3,22,22,18.13
2021,9,4,20,0,18.13
2021,9,4,21,0,18.06
2021,9,4,21,1,17.94
2021,9,4,21,2,17.81
2021,9,4,21,3,17.69
2021,9,5,1,0,17.56
2021,9,5,1,1,17.44
2021,9,5,1,2,17.25
2021,9,5,1,6,16.81
2021,9,5,1,10,16.56
2021,9,5,1,11,16.56
2021,9,5,1,12,16.69
2021,9,5,1,13,16.75
2021,9,5,1,14,16.94
2021,9,5,1,15,17.13
2021,9,5,17,0,17.38
2021,9,5,18,0,17.63
2021,9,5,19,0,17.81
2021,9,5,20,0,18.06
2021,9,5,20,1,18.25
2021,9,5,20,2,18.38
2021,9,5,20,3,18.38
2021,9,5,20,4,18.44
2021,9,5,20,5,18.44
2021,9,6,1,0,18.38
2021,9,6,1,1,18.38
2021,9,6,1,2,18.25
2021,9,6,1,6,17.69
2021,9,6,1,10,17.19
2021,9,6,1,11,17.25
2021,9,6,1,12,17.44
2021,9,6,1,13,17.88
2021,9,6,1,14,18.5
2021,9,6,1,15,19.13
2021,9,6,1,16,19.69
2021,9,6,1,17,20.13
2021,9,6,1,18,20.44
2021,9,6,1,19,20.63
2021,9,6,1,20,20.69
2021,9,6,1,21,20.69
2021,9,6,1,22,20.63
2021,9,6,1,23,20.44
2021,9,6,1,24,20.25
2021,9,7,2,0,20
2021,9,7,3,0,19.75
2021,9,7,3,1,19.44
2021,9,7,3,2,19.19
2021,9,7,3,6,18
2021,9,7,12,0,17.63
2021,9,7,13,0,18.44
2021,9,7,13,1,18.44
2021,9,7,13,2,18.88
2021,9,7,13,3,19.44
2021,9,7,13,4,20.06
2021,9,7,13,5,20.56
2021,9,7,13,6,21
2021,9,7,13,7,21.25
2021,9,7,13,8,21.5
2021,9,7,13,9,21.56
2021,9,7,22,0,21.56
2021,9,7,23,0,21.5
2021,9,7,23,1,21.38
2021,9,8,1,0,21.31
2021,9,8,1,1,21.13
2021,9,8,1,2,20.88
2021,9,8,1,6,20
2021,9,8,1,10,19.19
2021,9,8,1,11,19.06
2021,9,8,1,12,19.06
2021,9,8,1,13,19.13
2021,9,8,1,14,19.44
2021,9,8,1,15,19.75
2021,9,8,1,16,20.19
2021,9,8,1,17,20.44
2021,9,8,19,0,20.75
2021,9,8,20,0,20.94
2021,9,8,21,0,21.06
2021,9,8,22,0,21.06
2021,9,8,22,1,21.06
2021,9,8,22,2,20.94
2021,9,8,22,3,20.88
2021,9,8,22,4,20.75
2021,9,8,22,5,20.56
2021,9,8,22,6,20.44
2021,9,8,22,7,20.19
2021,9,8,22,8,20
2021,9,8,22,9,19.88
2021,9,8,22,10,19.69
2021,9,8,22,11,19.5
2021,9,8,22,12,19.31
2021,9,8,22,13,19.19
2021,9,8,22,14,19.19
2021,9,8,22,15,19.25
2021,9,8,22,16,19.5
2021,9,9,14,0,19.94
2021,9,16,22,0,15.5
2021,9,16,23,0,15.44
2021,9,16,23,1,15.44
2021,9,16,23,2,15.25
2021,9,16,23,3,15.13
2021,9,16,23,4,15.06
2021,9,16,23,5,14.88
2021,9,16,23,6,14.75
2021,9,16,23,7,14.63
2021,9,16,23,8,14.5
2021,9,16,23,9,14.25
2021,9,16,23,10,14.06
2021,9,16,23,11,13.81
2021,9,16,23,12,13.56
2021,9,16,23,13,13.25
2021,9,17,19,0,12.38
2021,9,17,20,0,12.38
2021,9,17,21,0,12.5
2021,9,17,21,1,12.56
2021,9,17,21,2,12.69
2021,9,17,21,3,12.81
2021,9,17,21,4,12.94
2021,9,17,21,5,13.06
2021,9,17,21,6,13.13
2021,9,17,21,7,13.19
2021,9,17,21,8,13.25
2021,9,17,21,9,13.25
2021,9,17,21,10,13.25
2021,9,17,21,11,13.19
2021,9,17,21,12,13.19
2021,9,17,21,13,13.06
2021,9,18,15,0,14.31
2021,9,18,16,0,14.69
2021,9,18,17,0,15
2021,9,18,18,0,15.25
2021,9,18,18,1,15.44
2021,9,18,18,2,15.5
2021,9,18,18,3,15.5
2021,9,18,18,4,15.44
2021,9,18,18,5,15.38
2021,9,18,18,6,15.25
2021,9,18,18,7,15.13
2021,9,18,18,8,14.94
2021,9,18,18,9,14.75
2021,9,18,18,10,14.56
2021,9,18,18,11,14.38
2021,9,18,18,12,14.25
2021,9,18,18,13,14.06
2021,9,18,18,24,13.75
2021,9,18,18,25,13.81
2021,9,18,18,26,13.94
2021,9,18,18,27,13.94
2021,9,18,18,28,13.94
2021,9,18,18,29,13.94
2021,9,18,18,30,13.88
2021,9,18,18,31,13.81
2021,9,18,18,32,13.69
2021,9,18,18,33,13.63
2021,9,18,18,34,13.5
2021,9,18,18,35,13.38
2021,9,18,18,36,13.25
2021,9,18,18,47,13.81
2021,9,18,18,48,14.13
2021,9,18,18,49,14.38
2021,9,18,18,50,14.56
2021,9,18,18,51,14.75
2021,9,18,18,52,14.88
2021,9,18,18,53,14.88
2021,9,20,23,0,14.81
2021,9,20,23,1,14.75
2021,9,20,23,2,14.63
2021,9,20,23,3,14.5
2021,9,20,23,4,14.25
2021,9,20,23,5,14.06
2021,9,20,23,6,13.81
2021,9,20,23,7,13.56
2021,9,20,23,8,13.31
2021,9,20,23,9,13.13
2021,9,20,23,10,12.88
2021,9,20,23,11,12.69
2021,9,20,23,12,12.5
2021,9,20,23,13,12.56
2021,9,21,21,0,16.69
2021,9,21,22,0,16.75
2021,9,21,23,0,16.75
2021,9,21,23,1,16.69
2021,9,21,23,2,16.56
2021,9,21,23,3,16.44
2021,9,21,23,4,16.25
2021,9,21,23,5,16.13
2021,9,21,23,6,15.94
2021,9,21,23,7,15.75
2021,9,21,23,8,15.63
2021,9,21,23,9,15.44
2021,9,21,23,10,15.31
2021,9,21,23,11,15.19
2021,9,21,23,12,15.13
2021,9,21,23,13,15.13
2021,9,22,15,0,15.31
2021,9,22,15,0,15.5
2021,9,22,16,0,15.69
2021,9,22,17,0,15.81
2021,9,22,18,0,15.94
2021,9,22,18,1,16.06
2021,9,22,20,0,16.06
2021,9,22,20,1,16
2021,9,22,22,0,15.94
2021,9,22,22,1,15.81
2021,9,22,22,2,15.75
2021,9,22,22,3,15.63
2021,9,22,22,4,15.5
2021,9,22,22,5,15.38
2021,9,22,22,6,15.31
2021,9,22,22,7,15.19
2021,9,22,22,8,15.06
2021,9,22,22,9,15
2021,9,22,22,10,14.88
2021,9,22,22,11,14.75
2021,9,22,22,12,14.75
2021,9,22,22,13,14.69
2021,9,23,21,0,17.56
2021,9,23,22,0,17.56
2021,9,23,22,1,17.5
2021,9,23,22,2,17.5
2021,9,23,22,3,17.19
2021,9,23,22,4,17
2021,9,23,22,5,16.75
2021,9,23,22,6,16.56
2021,9,23,22,7,16.31
2021,9,23,22,8,16
2021,9,23,22,9,15.75
2021,9,23,22,10,15.5
2021,9,23,22,11,15.19
2021,9,23,22,12,14.94
2021,9,23,22,13,14.81
2021,9,24,15,0,16.31
2021,9,24,16,0,16.88
2021,9,24,17,0,17.38
2021,9,26,10,1,16.13
2021,9,26,12,0,15.88
2021,9,26,13,0,15.75
2021,9,26,14,0,15.63
2021,9,26,14,1,15.56
2021,9,26,16,0,15.44
2021,9,26,16,1,15.31
2021,9,26,18,0,15.25
2021,9,26,19,0,15.13
2021,9,26,20,0,15
2021,9,26,21,0,14.81
2021,9,26,21,1,14.69
2021,9,26,21,2,14.56
2021,9,26,21,3,14.5
2021,9,26,21,4,14.44
2021,9,26,21,5,14.38
2021,9,26,21,6,14.38
2021,9,26,21,7,14.38
2021,9,26,21,8,14.31
2021,9,26,21,9,14.31
2021,9,26,21,10,14.19
2021,9,26,21,11,14.13
2021,9,27,9,0,14.06
2021,9,27,9,0,13.94
2021,9,27,9,1,13.81
2021,9,27,9,2,13.81
2021,9,27,12,0,13.81
2021,9,27,13,0,13.88
2021,9,27,14,0,13.94
2021,9,27,15,0,14
2021,9,27,16,0,14.06
2021,9,27,17,0,14.13
2021,9,27,17,1,14.13
2021,9,27,17,2,14.19
2021,9,27,20,0,14.19
2021,9,27,20,1,14.06
2021,9,27,22,0,14
2021,9,27,22,1,13.88
2021,9,27,22,2,13.75
2021,9,27,22,3,13.69
2021,9,27,22,4,13.5
2021,9,27,22,5,13.38
2021,9,27,22,6,13.25
2021,9,27,22,7,13.13
2021,9,27,22,8,13
2021,9,27,22,9,12.81
2021,9,27,22,10,12.75
2021,9,27,22,11,12.63
2021,9,27,22,12,12.5
2021,9,27,22,13,12.38
2021,9,27,22,24,13.63
2021,9,27,22,25,13.56
2021,9,27,22,26,13.44
2021,9,27,22,27,13.31
2021,9,27,22,28,13.13
2021,9,27,22,29,12.94
2021,9,27,22,30,12.75
2021,9,27,22,31,12.63
2021,9,27,22,32,12.5
2021,9,27,22,33,12.31
2021,9,27,22,34,12.19
2021,9,27,22,35,12
2021,9,27,22,36,11.88
2021,9,27,22,47,11.75
2021,9,27,22,48,11.75
2021,9,27,22,49,11.75
2021,9,27,22,50,11.69
2021,9,27,22,51,11.69
2021,9,27,22,52,11.63
2021,9,27,22,53,11.63
2021,9,27,22,54,11.63
2021,9,27,22,55,11.69
2021,9,27,22,56,11.81
2021,9,27,22,57,11.94
2021,9,27,22,58,12.06
2021,9,27,22,59,12.25
2021,9,27,22,70,12.88
2021,9,27,22,71,12.94
2021,9,27,22,72,12.94
2021,9,27,22,73,12.88
2021,9,27,22,74,12.81
2021,9,27,22,75,12.75
2021,9,27,22,76,12.63
2021,9,27,22,77,12.5
2021,9,27,22,78,12.38
2021,9,27,22,79,12.25
2021,9,27,22,80,12.06
2021,9,27,22,81,11.94
2021,9,27,22,82,11.81
2021,9,27,22,93,12.5
2021,9,27,22,94,12.75
2021,9,27,22,95,12.88
2021,9,27,22,96,13.06
2021,9,27,22,97,13.19
2021,9,27,22,98,13.25
2021,9,27,22,99,13.25
2021,9,27,22,102,13
2021,9,27,22,103,12.81
2021,9,27,22,107,12.13
2021,9,27,22,111,11.63
2021,9,27,22,115,11.94
2021,9,27,22,116,12.19
2021,10,2,16,0,12.69
2021,10,2,17,0,12.88
2021,10,2,17,1,13.06
2021,10,2,17,2,13.06
2021,10,2,17,5,13.06
2021,10,2,17,6,13.06
2021,10,2,17,7,13.06
2021,10,2,17,8,13.06
2021,10,2,17,9,13.06
2021,10,2,17,10,13
2021,10,2,17,11,12.94
2021,10,2,17,12,12.81
2021,10,2,17,13,12.75
2021,10,2,17,24,13.13
2021,10,2,17,25,13.31
2021,10,2,17,26,13.44
2021,10,2,17,27,13.5
2021,10,2,17,28,13.5
2021,10,2,17,29,13.5
2021,10,2,17,30,13.44
2021,10,2,17,31,13.31
2021,10,2,17,32,13.19
2021,10,2,17,33,13.06
2021,10,2,17,34,12.94
2021,10,2,17,35,12.81
2021,10,2,17,36,12.69
2021,10,2,17,47,12.63
2021,10,2,17,48,13
2021,10,2,17,49,13.38
2021,10,2,17,50,13.56
2021,10,2,17,51,13.81
2021,10,2,17,52,13.88
2021,10,2,17,53,14
2021,10,2,17,54,14
2021,10,2,17,55,13.94
2021,10,2,17,56,13.88
2021,10,2,17,57,13.75
2021,10,2,17,58,13.69
2021,10,2,17,59,13.56
2021,10,2,17,70,12.44
2021,10,2,17,71,12.38
2021,10,2,17,72,12.38
2021,10,2,17,73,12.38
2021,10,2,17,74,12.38
2021,10,2,17,75,12.38
2021,10,2,17,76,12.38
2021,10,2,17,77,12.31
2021,10,2,17,78,12.19
2021,10,5,22,0,12
2021,10,5,22,0,11.81
2021,10,5,22,1,11.69
2021,10,5,22,2,11.44
2021,10,5,22,3,11.25
2021,10,5,22,4,11.06
2021,10,5,22,5,10.88
2021,10,5,22,6,10.69
2021,10,5,22,7,10.5
2021,10,5,22,8,10.31
2021,10,5,22,9,10.13
2021,10,5,22,10,10
2021,10,5,22,11,9.88
2021,10,6,10,0,9.75
2021,10,6,11,0,9.69
2021,10,6,11,1,9.75
2021,10,6,11,2,9.88
2021,10,6,11,3,10.13
2021,10,6,15,0,10.38
2021,10,6,16,0,10.63
2021,10,6,16,1,10.88
2021,10,6,16,2,11.06
2021,10,6,16,3,11.25
2021,10,6,16,4,11.38
2021,10,6,16,5,11.44
2021,10,6,16,6,11.38
2021,10,6,16,7,11.31
2021,10,6,16,8,11.25
2021,10,6,16,9,11.13
2021,10,6,16,10,11
2021,10,6,16,11,10.81
2021,10,6,16,12,10.63
2021,10,6,16,13,10.44
2021,10,6,16,16,9.88
2021,10,6,16,17,9.63
2021,10,6,16,18,9.5
2021,10,6,16,19,9.31
2021,10,6,16,20,9.31
2021,10,6,16,21,9.31
2021,10,6,16,22,9.5
2021,10,6,16,23,9.69
2021,10,6,16,24,9.88
2021,10,6,16,25,10.13
2021,10,7,18,0,10.38
2021,10,7,19,0,10.44
2021,10,7,20,0,10.5
2021,10,7,21,0,10.44
2021,10,7,22,0,10.38
2021,10,7,23,0,10.19
2021,10,8,0,0,10.06
2021,10,8,1,0,9.88
2021,10,8,1,1,9.69
2021,10,8,1,2,9.5
2021,10,8,1,6,8.75
2021,10,8,1,10,8.13
2021,10,8,1,11,8.06
2021,10,8,1,12,8.06
2021,10,8,1,13,8.19
2021,10,8,1,14,8.38
2021,10,8,1,15,8.63
2021,10,8,1,16,8.88
2021,10,8,1,17,9.06
2021,10,8,18,0,9.25
2021,10,8,19,0,9.44
2021,10,8,20,0,9.56
2021,10,8,20,1,9.56
2021,10,8,20,2,9.56
2021,10,8,23,0,9.5
2021,10,9,0,0,9.44
2021,10,9,0,1,9.31
2021,10,9,0,2,9.19
2021,10,9,0,6,8.56
2021,10,9,0,10,8.19
2021,10,9,0,11,8.13
2021,10,9,12,0,8.19
2021,10,9,13,0,8.25
2021,10,9,13,1,8.38
